Date,BitCoin,Gold,Flag
09-11-2016,621.65,0.0,1
09-12-2016,609.67,1324.6,1
09-13-2016,610.92,1323.65,1
09-14-2016,608.82,1321.75,1
09-15-2016,610.38,1310.8,1
09-16-2016,609.11,1308.35,1
09-17-2016,607.04,1308.35,0
09-18-2016,611.58,1308.35,0
09-19-2016,610.19,1314.85,1
09-20-2016,608.66,1313.8,1
09-21-2016,598.88,1326.1,1
09-22-2016,597.42,1339.1,1
09-23-2016,594.08,1338.65,1
09-24-2016,603.88,1338.65,0
09-25-2016,601.74,1338.65,0
09-26-2016,598.98,1340.5,1
09-27-2016,605.96,1327.0,1
09-28-2016,605.67,1322.5,1
09-29-2016,603.85,1318.1,1
09-30-2016,609.39,1322.5,1
10-01-2016,614.82,1322.5,0
10-02-2016,612.98,1322.5,0
10-03-2016,611.85,1313.3,1
10-04-2016,609.62,1283.3,1
10-05-2016,607.18,1269.4,1
10-06-2016,612.08,1254.5,1
10-07-2016,617.21,1258.75,1
10-08-2016,614.74,1258.75,0
10-09-2016,615.65,1258.75,0
10-10-2016,617.54,1259.5,1
10-11-2016,614.77,1253.45,1
10-12-2016,635.01,1256.5,1
10-13-2016,635.96,1261.05,1
10-14-2016,634.02,1251.75,1
10-15-2016,637.94,1251.75,0
10-16-2016,641.42,1251.75,0
10-17-2016,638.97,1254.8,1
10-18-2016,636.29,1258.2,1
10-19-2016,629.25,1269.05,1
10-20-2016,627.72,1271.65,1
10-21-2016,631.92,1266.05,1
10-22-2016,655.48,1266.05,0
10-23-2016,653.25,1266.05,0
10-24-2016,651.39,1265.55,1
10-25-2016,655.31,1269.4,1
10-26-2016,651.45,1270.5,1
10-27-2016,682.22,1266.25,1
10-28-2016,687.68,1273.0,1
10-29-2016,685.91,1273.0,0
10-30-2016,698.0,1273.0,0
10-31-2016,702.0,1272.0,1
11-01-2016,697.01,1288.45,1
11-02-2016,733.33,1303.75,1
11-03-2016,686.17,1301.0,1
11-04-2016,683.69,1302.8,1
11-05-2016,704.79,1302.8,0
11-06-2016,712.0,1302.8,0
11-07-2016,709.96,1283.05,1
11-08-2016,708.97,1282.35,1
11-09-2016,720.93,1281.4,1
11-10-2016,721.5,1267.5,1
11-11-2016,715.45,1236.45,1
11-12-2016,703.71,1236.45,0
11-13-2016,702.28,1236.45,0
11-14-2016,706.46,1213.6,1
11-15-2016,710.91,1226.95,1
11-16-2016,711.73,1229.2,1
11-17-2016,736.96,1226.75,1
11-18-2016,747.52,1211.0,1
11-19-2016,748.98,1211.0,0
11-20-2016,729.06,1211.0,0
11-21-2016,738.53,1214.25,1
11-22-2016,736.97,1212.25,1
11-23-2016,741.63,1185.35,1
11-24-2016,737.45,1186.1,1
11-25-2016,735.64,1187.7,1
11-26-2016,733.67,1187.7,0
11-27-2016,727.96,1187.7,0
11-28-2016,727.31,1187.0,1
11-29-2016,732.71,1186.55,1
11-30-2016,742.69,1178.1,1
12-01-2016,742.05,1161.85,1
12-02-2016,772.43,1173.5,1
12-03-2016,764.33,1173.5,0
12-04-2016,762.97,1173.5,0
12-05-2016,754.63,1162.2,1
12-06-2016,756.62,1172.5,1
12-07-2016,758.99,1177.65,1
12-08-2016,769.72,1171.05,1
12-09-2016,770.02,1163.6,1
12-10-2016,769.08,1163.6,0
12-11-2016,777.0,1163.6,0
12-12-2016,777.0,1156.1,1
12-13-2016,777.99,1158.55,1
12-14-2016,774.89,1162.25,1
12-15-2016,776.75,1126.95,1
12-16-2016,775.88,1131.6,1
12-17-2016,788.7,1131.6,0
12-18-2016,788.4,1131.6,0
12-19-2016,788.67,1136.25,1
12-20-2016,793.09,1125.7,1
12-21-2016,824.21,1133.65,1
12-22-2016,834.97,1131.35,1
12-23-2016,901.31,1131.35,0
12-24-2016,891.61,1131.35,0
12-25-2016,892.6,1131.35,0
12-26-2016,897.33,1131.35,0
12-27-2016,930.37,1131.35,0
12-28-2016,930.34,1134.6,1
12-29-2016,963.38,1145.9,1
12-30-2016,952.15,1145.9,0
12-31-2016,958.12,1145.9,0
01-01-2017,997.72,1145.9,0
01-02-2017,1015.97,1145.9,0
01-03-2017,1013.42,1151.0,1
01-04-2017,1126.76,1164.25,1
01-05-2017,994.67,1176.7,1
01-06-2017,999.65,1175.85,1
01-07-2017,896.83,1175.85,0
01-08-2017,908.14,1175.85,0
01-09-2017,910.49,1178.5,1
01-10-2017,906.05,1189.5,1
01-11-2017,785.22,1178.55,1
01-12-2017,780.92,1205.05,1
01-13-2017,826.29,1190.35,1
01-14-2017,817.91,1190.35,0
01-15-2017,819.55,1190.35,0
01-16-2017,830.5,1203.0,1
01-17-2017,903.84,1216.05,1
01-18-2017,906.6,1214.75,1
01-19-2017,895.798875,1196.05,1
01-20-2017,893.6210875,1200.55,1
01-21-2017,895.64,1200.55,0
01-22-2017,918.603625,1200.55,0
01-23-2017,922.0736125,1212.85,1
01-24-2017,919.97,1216.8,1
01-25-2017,893.045625,1195.0,1
01-26-2017,915.95625,1189.7,1
01-27-2017,915.05,1184.85,1
01-28-2017,920.31225,1184.85,0
01-29-2017,915.933,1184.85,0
01-30-2017,912.19,1192.8,1
01-31-2017,964.706075,1212.8,1
02-01-2017,979.703875,1203.65,1
02-02-2017,983.42,1221.95,1
02-03-2017,1013.0269999999999,1215.2,1
02-04-2017,1030.999413,1215.2,0
02-05-2017,1034.07,1215.2,0
02-06-2017,1024.01375,1226.75,1
02-07-2017,1050.11,1231.0,1
02-08-2017,1052.84,1242.1,1
02-09-2017,976.1030000000001,1236.8,1
02-10-2017,999.1035,1228.3,1
02-11-2017,997.59,1228.3,0
02-12-2017,1000.604625,1228.3,0
02-13-2017,999.877375,1222.25,1
02-14-2017,1001.2,1230.75,1
02-15-2017,1012.325988,1224.4,1
02-16-2017,1035.208125,1240.55,1
02-17-2017,1035.2,1241.95,1
02-18-2017,1056.637138,1241.95,0
02-19-2017,1052.779286,1241.95,0
02-20-2017,1050.87,1237.3,1
02-21-2017,1123.788429,1233.2,1
02-22-2017,1123.2231880000004,1236.65,1
02-23-2017,1130.01,1247.9,1
02-24-2017,1174.86625,1253.65,1
02-25-2017,1150.605714,1253.65,0
02-26-2017,1150.37,1253.65,0
02-27-2017,1190.75195,1257.2,1
02-28-2017,1187.565286,1255.6,1
03-01-2017,1190.89,1240.4,1
03-02-2017,1259.410817,1238.1,1
03-03-2017,1285.14,1226.5,1
03-04-2017,1287.0,1226.5,0
03-05-2017,1270.9333,1226.5,0
03-06-2017,1275.197375,1230.95,1
03-07-2017,1279.5,1216.65,1
03-08-2017,1157.3933,1209.2,1
03-09-2017,1192.469143,1206.55,1
03-10-2017,1192.09,1202.65,1
03-11-2017,1179.159875,1202.65,0
03-12-2017,1227.494625,1202.65,0
03-13-2017,1227.68,1204.2,1
03-14-2017,1245.370786,1204.6,1
03-15-2017,1257.399625,1198.8,1
03-16-2017,1257.0,1229.35,1
03-17-2017,1091.171888,1229.6,1
03-18-2017,952.2323625,1229.6,0
03-19-2017,967.69,1229.6,0
03-20-2017,1049.0844880000002,1232.4,1
03-21-2017,1118.630043,1241.6,1
03-22-2017,1113.0,1249.05,1
03-23-2017,1038.789,1247.5,1
03-24-2017,941.9197142999999,1247.5,1
03-25-2017,927.93,1247.5,0
03-26-2017,956.7863125,1247.5,0
03-27-2017,1037.22925,1257.55,1
03-28-2017,1041.04,1257.25,1
03-29-2017,1040.5755,1251.1,1
03-30-2017,1037.90455,1248.8,1
03-31-2017,1034.74,1244.85,1
04-01-2017,1086.9295710000001,1244.85,0
04-02-2017,1099.169125,1244.85,0
04-03-2017,1079.99,1247.25,1
04-04-2017,1141.600363,1257.65,1
04-05-2017,1133.079314,1245.8,1
04-06-2017,1133.53,1252.5,1
04-07-2017,1190.45425,1266.45,1
04-08-2017,1181.149838,1266.45,0
04-09-2017,1184.03,1266.45,0
04-10-2017,1207.744875,1250.05,1
04-11-2017,1226.617038,1252.9,1
04-12-2017,1219.09,1274.3,1
04-13-2017,1180.023713,1284.15,1
04-14-2017,1185.260057,1284.15,0
04-15-2017,1170.36,1284.15,0
04-16-2017,1186.9274130000001,1284.15,0
04-17-2017,1205.634875,1284.15,0
04-18-2017,1176.97,1278.95,1
04-19-2017,1217.930088,1279.05,1
04-20-2017,1241.686325,1282.1,1
04-21-2017,1236.63,1281.85,1
04-22-2017,1261.311225,1281.85,0
04-23-2017,1257.988113,1281.85,0
04-24-2017,1240.84,1269.4,1
04-25-2017,1279.414688,1267.8,1
04-26-2017,1309.109875,1261.85,1
04-27-2017,1288.02,1262.8,1
04-28-2017,1331.2944289999996,1266.45,1
04-29-2017,1334.9790380000004,1266.45,0
04-30-2017,1333.0,1266.45,0
05-01-2017,1417.1728130000001,1266.45,0
05-02-2017,1452.076288,1255.45,1
05-03-2017,1447.55,1250.3,1
05-04-2017,1508.292125,1228.45,1
05-05-2017,1533.3350710000002,1228.05,1
05-06-2017,1518.75,1228.05,0
05-07-2017,1535.8684289999999,1228.05,0
05-08-2017,1640.619225,1229.8,1
05-09-2017,1651.1,1220.4,1
05-10-2017,1762.88625,1222.95,1
05-11-2017,1820.9905629999998,1223.15,1
05-12-2017,1829.0,1231.25,1
05-13-2017,1771.920013,1231.25,0
05-14-2017,1776.3165,1231.25,0
05-15-2017,1780.0,1233.3,1
05-16-2017,1739.031975,1234.2,1
05-17-2017,1807.4850629999999,1257.4,1
05-18-2017,1783.98,1255.9,1
05-19-2017,1961.520488,1252.0,1
05-20-2017,2052.909788,1252.0,0
05-21-2017,2008.84,1252.0,0
05-22-2017,2090.662313,1258.85,1
05-23-2017,2287.7102879999998,1260.2,1
05-24-2017,2256.32,1252.55,1
05-25-2017,2387.206286,1256.95,1
05-26-2017,2211.976857,1265.05,1
05-27-2017,2279.82,1265.05,0
05-28-2017,2192.9808,1265.05,0
05-29-2017,2275.9307,1265.05,0
05-30-2017,2290.02,1262.7,1
05-31-2017,2285.933914,1266.2,1
06-01-2017,2399.242671,1264.85,1
06-02-2017,2409.93,1274.95,1
06-03-2017,2525.7651579999997,1274.95,0
06-04-2017,2516.173143,1274.95,0
06-05-2017,2529.53,1279.95,1
06-06-2017,2883.313697,1293.5,1
06-07-2017,2664.920863,1291.0,1
06-08-2017,2683.03,1273.1,1
06-09-2017,2827.4913,1266.55,1
06-10-2017,2845.372857,1266.55,0
06-11-2017,2898.63,1266.55,0
06-12-2017,2657.6750629999997,1266.4,1
06-13-2017,2748.185086,1262.0,1
06-14-2017,2706.0,1275.5,1
06-15-2017,2442.48025,1254.55,1
06-16-2017,2464.9598140000007,1255.4,1
06-17-2017,2477.94,1255.4,0
06-18-2017,2507.389252,1255.4,0
06-19-2017,2617.210263,1248.15,1
06-20-2017,2600.0,1242.2,1
06-21-2017,2671.04325,1242.5,1
06-22-2017,2727.288013,1250.8,1
06-23-2017,2713.48,1255.7,1
06-24-2017,2589.164888,1255.7,0
06-25-2017,2512.366286,1255.7,0
06-26-2017,2502.03,1245.25,1
06-27-2017,2517.903114,1249.55,1
06-28-2017,2585.349186,1248.0,1
06-29-2017,2558.3,1243.5,1
06-30-2017,2477.641375,1242.25,1
07-01-2017,2501.191343,1242.25,0
07-02-2017,2421.26,1242.25,0
07-03-2017,2561.225429,1229.25,1
07-04-2017,2599.7298379999997,1223.75,1
07-05-2017,2598.89,1220.3,1
07-06-2017,2609.96775,1224.9,1
07-07-2017,2491.201214,1215.65,1
07-08-2017,2502.86,1215.65,0
07-09-2017,2536.238938,1215.65,0
07-10-2017,2366.170143,1211.9,1
07-11-2017,2327.09,1211.05,1
07-12-2017,2385.748571,1218.8,1
07-13-2017,2354.783417,1218.9,1
07-14-2017,2338.49,1230.3,1
07-15-2017,2058.9956,1230.3,0
07-16-2017,1931.2143,1230.3,0
07-17-2017,1910.96,1234.1,1
07-18-2017,2320.12225,1240.75,1
07-19-2017,2264.7657,1242.15,1
07-20-2017,2265.21,1238.7,1
07-21-2017,2682.195363,1248.55,1
07-22-2017,2807.609857,1248.55,0
07-23-2017,2825.51,1248.55,0
07-24-2017,2751.8210289999997,1255.55,1
07-25-2017,2560.997917,1254.4,1
07-26-2017,2564.3,1248.1,1
07-27-2017,2647.625,1261.1,1
07-28-2017,2781.636583,1264.9,1
07-29-2017,2784.8,1264.9,0
07-30-2017,2745.955417,1264.9,0
07-31-2017,2866.431667000001,1267.55,1
08-01-2017,2862.9,1270.95,1
08-02-2017,2693.6339829999997,1269.6,1
08-03-2017,2794.117717,1268.1,1
08-04-2017,2790.0,1257.7,1
08-05-2017,3218.115017,1257.7,0
08-06-2017,3252.562533,1257.7,0
08-07-2017,3210.2,1258.0,1
08-08-2017,3457.3743329999998,1261.8,1
08-09-2017,3357.326317,1271.05,1
08-10-2017,3340.28,1284.4,1
08-11-2017,3632.506667,1286.1,1
08-12-2017,3852.802914,1286.1,0
08-13-2017,3868.52,1286.1,0
08-14-2017,4282.992,1282.3,1
08-15-2017,4217.028329,1270.3,1
08-16-2017,4179.97,1272.75,1
08-17-2017,4328.725717,1285.15,1
08-18-2017,4130.440067,1295.8,1
08-19-2017,4104.71,1295.8,0
08-20-2017,4157.958033,1295.8,0
08-21-2017,4043.722,1292.9,1
08-22-2017,3986.28,1284.2,1
08-23-2017,4174.95,1286.65,1
08-24-2017,4340.3167170000015,1289.0,1
08-25-2017,4331.77,1285.3,1
08-26-2017,4360.513317,1285.3,0
08-27-2017,4354.308333,1285.3,0
08-28-2017,4339.05,1285.3,0
08-29-2017,4607.98545,1318.65,1
08-30-2017,4594.98785,1308.5,1
08-31-2017,4582.52,1311.75,1
09-01-2017,4911.740017,1320.4,1
09-02-2017,4580.3874799999985,1320.4,0
09-03-2017,4585.57,1320.4,0
09-04-2017,4344.098317,1333.1,1
09-05-2017,4488.7201399999985,1335.55,1
09-06-2017,4385.02,1337.85,1
09-07-2017,4654.6585,1343.5,1
09-08-2017,4310.750183,1346.25,1
09-09-2017,4312.26,1346.25,0
09-10-2017,4329.955,1346.25,0
09-11-2017,4248.090017,1334.2,1
09-12-2017,4198.59,1326.5,1
09-13-2017,3961.271267,1327.55,1
09-14-2017,3319.63,1324.55,1
09-15-2017,3216.43,1322.85,1
09-16-2017,3763.6260399999996,1322.85,0
09-17-2017,3746.060783,1322.85,0
09-18-2017,3678.53,1312.1,1
09-19-2017,3943.413333,1309.6,1
09-20-2017,3977.5616670000004,1311.3,1
09-21-2017,3894.48,1292.1,1
09-22-2017,3637.50255,1294.8,1
09-23-2017,3776.3869,1294.8,0
09-24-2017,3777.62,1294.8,0
09-25-2017,3942.555,1293.3,1
09-26-2017,3910.307383,1300.05,1
09-27-2017,3881.0,1282.55,1
09-28-2017,4201.98905,1283.35,1
09-29-2017,4193.574667,1283.1,1
09-30-2017,4164.27,1283.1,0
10-01-2017,4360.7229670000015,1283.1,0
10-02-2017,4386.88375,1273.7,1
10-03-2017,4394.07,1271.25,1
10-04-2017,4225.175,1274.25,1
10-05-2017,4338.852,1274.5,1
10-06-2017,4318.58,1261.8,1
10-07-2017,4376.191667,1261.8,0
10-08-2017,4602.2808829999985,1261.8,0
10-09-2017,4605.66,1278.75,1
10-10-2017,4782.28,1291.4,1
10-11-2017,4819.485767,1289.25,1
10-12-2017,4822.17,1290.25,1
10-13-2017,5563.806567000001,1299.6,1
10-14-2017,5739.438733,1299.6,0
10-15-2017,5825.99,1299.6,0
10-16-2017,5711.205867000002,1303.3,1
10-17-2017,5603.7129399999985,1284.75,1
10-18-2017,5594.66,1280.2,1
10-19-2017,5727.6335,1286.4,1
10-20-2017,5979.4598399999995,1281.2,1
10-21-2017,5986.44,1281.2,0
10-22-2017,5983.18455,1281.2,0
10-23-2017,5876.079867,1274.9,1
10-24-2017,5900.59,1276.45,1
10-25-2017,5669.622533,1275.0,1
10-26-2017,5893.138417,1273.75,1
10-27-2017,5889.82,1266.45,1
10-28-2017,5776.69695,1266.45,0
10-29-2017,6155.434020000002,1266.45,0
10-30-2017,6136.49,1272.0,1
10-31-2017,6388.645167000002,1270.15,1
11-01-2017,6665.306683,1277.05,1
11-02-2017,6751.98,1279.2,1
11-03-2017,7197.72006,1267.2,1
11-04-2017,7437.543317000002,1267.2,0
11-05-2017,7365.99,1267.2,0
11-06-2017,6989.071667,1270.9,1
11-07-2017,7092.127233,1275.6,1
11-08-2017,7128.64,1284.0,1
11-09-2017,7158.03706,1284.8,1
11-10-2017,6719.39785,1284.3,1
11-11-2017,6569.22,1284.3,0
11-12-2017,5716.3015829999995,1284.3,0
11-13-2017,6550.227533,1277.95,1
11-14-2017,6493.63,1274.6,1
11-15-2017,7301.4299200000005,1282.2,1
11-16-2017,7815.0307,1280.0,1
11-17-2017,7868.77,1284.35,1
11-18-2017,7817.140383,1284.35,0
11-19-2017,8007.654067,1284.35,0
11-20-2017,8049.72,1286.2,1
11-21-2017,8059.8,1283.3,1
11-22-2017,8268.035,1286.95,1
11-23-2017,8236.72,1290.35,1
11-24-2017,8250.978333,1290.5,1
11-25-2017,8707.407267,1290.5,0
11-26-2017,8768.8,1290.5,0
11-27-2017,9718.29505,1294.9,1
11-28-2017,9952.508820000001,1291.85,1
11-29-2017,9919.0,1283.85,1
11-30-2017,10147.372,1280.2,1
12-01-2017,10883.912,1275.5,1
12-02-2017,10879.88,1275.5,0
12-03-2017,11332.622,1275.5,0
12-04-2017,11584.83,1273.45,1
12-05-2017,11591.22,1266.3,1
12-06-2017,13540.98,1263.7,1
12-07-2017,16501.97167,1255.0,1
12-08-2017,16860.88,1250.65,1
12-09-2017,15142.83415,1250.65,0
12-10-2017,14869.805,1250.65,0
12-11-2017,15068.95,1247.15,1
12-12-2017,17276.393330000006,1240.9,1
12-13-2017,16808.36667,1242.65,1
12-14-2017,16252.31,1251.0,1
12-15-2017,17771.9,1254.6,1
12-16-2017,19498.68333,1254.6,0
12-17-2017,19279.9,1254.6,0
12-18-2017,18961.856669999997,1260.6,1
12-19-2017,17737.11167,1260.35,1
12-20-2017,17382.94,1264.55,1
12-21-2017,16047.51,1264.55,1
12-22-2017,15190.945,1264.55,0
12-23-2017,13776.61,1264.55,0
12-24-2017,13949.175,1264.55,0
12-25-2017,14119.028330000001,1264.55,0
12-26-2017,13740.94,1264.55,0
12-27-2017,15589.32167,1279.4,1
12-28-2017,14380.58167,1291.0,1
12-29-2017,14214.01,1291.0,0
12-30-2017,13215.573999999999,1291.0,0
12-31-2017,14165.575,1291.0,0
01-01-2018,13796.0,1291.0,0
01-02-2018,15005.85667,1312.05,1
01-03-2018,15053.261669999998,1314.9,1
01-04-2018,15039.24,1314.5,1
01-05-2018,17174.12,1317.15,1
01-06-2018,17319.198,1317.15,0
01-07-2018,17155.95,1317.15,0
01-08-2018,15265.906669999995,1319.95,1
01-09-2018,14714.253330000001,1311.0,1
01-10-2018,14437.42,1319.75,1
01-11-2018,13296.794,1323.05,1
01-12-2018,13912.882,1326.8,1
01-13-2018,13791.19,1326.8,0
01-14-2018,13852.92,1326.8,0
01-15-2018,14012.196000000002,1339.25,1
01-16-2018,13554.14,1333.85,1
01-17-2018,11116.946670000001,1335.65,1
01-18-2018,11345.42333,1332.2,1
01-19-2018,11174.82,1334.95,1
01-20-2018,12950.79333,1334.95,0
01-21-2018,11505.228000000001,1334.95,0
01-22-2018,11513.42,1332.6,1
01-23-2018,11223.063999999995,1333.4,1
01-24-2018,11282.25833,1353.7,1
01-25-2018,11392.03,1354.95,1
01-26-2018,10969.815,1353.15,1
01-27-2018,11524.776670000001,1353.15,0
01-28-2018,11431.37,1353.15,0
01-29-2018,11212.655,1343.85,1
01-30-2018,10184.061670000001,1344.9,1
01-31-2018,10082.52,1345.05,1
02-01-2018,9083.258333,1341.35,1
02-02-2018,8901.901667,1331.15,1
02-03-2018,8852.73,1331.15,0
02-04-2018,8400.648333,1331.15,0
02-05-2018,6838.816667,1333.6,1
02-06-2018,6925.46,1331.4,1
02-07-2018,8099.958333,1324.65,1
02-08-2018,8240.536667,1315.45,1
02-09-2018,8245.08,1314.1,1
02-10-2018,8319.876565999999,1314.1,0
02-11-2018,8343.455,1314.1,0
02-12-2018,8068.02,1322.3,1
02-13-2018,8597.7675,1325.35,1
02-14-2018,9334.633333,1336.25,1
02-15-2018,9471.64,1352.45,1
02-16-2018,10127.16167,1352.1,1
02-17-2018,10841.99167,1352.1,0
02-18-2018,11085.83,1352.1,0
02-19-2018,11110.965,1346.6,1
02-20-2018,11390.39167,1339.85,1
02-21-2018,11245.98,1330.5,1
02-22-2018,9931.071667,1328.35,1
02-23-2018,10162.11667,1327.95,1
02-24-2018,10171.3,1327.95,0
02-25-2018,9696.593333,1327.95,0
02-26-2018,10348.60333,1333.5,1
02-27-2018,10319.46,1325.75,1
02-28-2018,10370.165,1317.85,1
03-01-2018,11009.38167,1307.75,1
03-02-2018,10931.12,1322.3,1
03-03-2018,11326.94833,1322.3,0
03-04-2018,11430.18167,1322.3,0
03-05-2018,11516.83,1320.4,1
03-06-2018,10763.19833,1331.4,1
03-07-2018,10118.058,1329.4,1
03-08-2018,9920.46,1321.0,1
03-09-2018,9089.278333,1320.6,1
03-10-2018,8746.002,1320.6,0
03-11-2018,8777.37,1320.6,0
03-12-2018,9182.843333,1319.15,1
03-13-2018,9154.7,1322.75,1
03-14-2018,9153.54,1323.55,1
03-15-2018,8358.121667,1318.75,1
03-16-2018,8530.402,1310.1,1
03-17-2018,8297.89,1310.1,0
03-18-2018,8171.415,1310.1,0
03-19-2018,8412.033333,1312.4,1
03-20-2018,8605.64,1311.0,1
03-21-2018,8947.753333,1321.35,1
03-22-2018,8690.408333,1329.15,1
03-23-2018,8725.37,1346.6,1
03-24-2018,8662.378333,1346.6,0
03-25-2018,8617.296667,1346.6,0
03-26-2018,8457.96,1352.4,1
03-27-2018,7876.195,1341.45,1
03-28-2018,7960.38,1332.45,1
03-29-2018,7950.61,1323.85,1
03-30-2018,6882.531667,1323.85,0
03-31-2018,6935.48,1323.85,0
04-01-2018,6937.56,1323.85,0
04-02-2018,7035.848333,1323.85,0
04-03-2018,7410.435,1333.45,1
04-04-2018,7426.48,1337.3,1
04-05-2018,6826.51,1327.7,1
04-06-2018,6603.876667,1331.2,1
04-07-2018,6634.68,1331.2,0
04-08-2018,7017.656667,1331.2,0
04-09-2018,6699.273333,1331.95,1
04-10-2018,6784.41,1338.95,1
04-11-2018,6926.266667,1350.75,1
04-12-2018,7847.845,1341.35,1
04-13-2018,7941.46,1343.7,1
04-14-2018,8036.511051,1343.7,0
04-15-2018,8340.748333,1343.7,0
04-16-2018,8368.1,1349.35,1
04-17-2018,7895.416926000001,1342.1,1
04-18-2018,8164.937426,1351.45,1
04-19-2018,8175.96,1348.6,1
04-20-2018,8852.718333,1336.75,1
04-21-2018,8807.205,1336.75,0
04-22-2018,8930.6,1336.75,0
04-23-2018,8933.861667000001,1324.3,1
04-24-2018,9555.542,1328.85,1
04-25-2018,9658.11,1321.65,1
04-26-2018,9258.398333,1320.7,1
04-27-2018,9010.32,1321.5,1
04-28-2018,8928.55,1321.5,0
04-29-2018,9334.281667,1321.5,0
04-30-2018,9259.57,1313.2,1
05-01-2018,9239.55,1307.1,1
05-02-2018,9221.426,1304.2,1
05-03-2018,9639.268333,1315.05,1
05-04-2018,9753.35,1309.4,1
05-05-2018,9803.306667,1309.4,0
05-06-2018,9630.136277,1309.4,0
05-07-2018,9631.44,1309.4,0
05-08-2018,9228.608333,1306.6,1
05-09-2018,9322.041667,1313.85,1
05-10-2018,9310.37,1318.8,1
05-11-2018,8468.788,1324.35,1
05-12-2018,8484.346667,1324.35,0
05-13-2018,8463.52,1324.35,0
05-14-2018,8652.038333,1319.85,1
05-15-2018,8511.458,1295.0,1
05-16-2018,8471.06,1291.25,1
05-17-2018,8106.118332999998,1289.5,1
05-18-2018,8240.055,1288.3,1
05-19-2018,8239.08,1288.3,0
05-20-2018,8507.406667,1288.3,0
05-21-2018,8385.556187,1288.35,1
05-22-2018,8396.63,1293.05,1
05-23-2018,7555.74,1289.0,1
05-24-2018,7566.193333,1304.85,1
05-25-2018,7576.78,1303.5,1
05-26-2018,7342.908332999998,1303.5,0
05-27-2018,7361.831667,1303.5,0
05-28-2018,7344.56,1303.5,0
05-29-2018,7459.876667,1295.5,1
05-30-2018,7385.395,1300.7,1
05-31-2018,7386.72,1305.35,1
06-01-2018,7535.146667,1294.6,1
06-02-2018,7645.146667,1294.6,0
06-03-2018,7637.14,1294.6,0
06-04-2018,7500.273333,1295.45,1
06-05-2018,7615.7221420000005,1292.05,1
06-06-2018,7619.43,1300.1,1
06-07-2018,7676.271667,1297.25,1
06-08-2018,7620.153333,1298.25,1
06-09-2018,7615.54,1298.25,0
06-10-2018,6776.888333,1298.25,0
06-11-2018,6875.678333,1299.6,1
06-12-2018,6879.31,1298.65,1
06-13-2018,6315.7,1296.15,1
06-14-2018,6647.013333,1302.75,1
06-15-2018,6637.41,1285.25,1
06-16-2018,6509.426667,1285.25,0
06-17-2018,6464.411667,1285.25,0
06-18-2018,6445.79,1281.55,1
06-19-2018,6737.0,1276.15,1
06-20-2018,6714.718333,1274.2,1
06-21-2018,6760.83,1266.15,1
06-22-2018,6332.573333,1269.15,1
06-23-2018,6141.605833,1269.15,0
06-24-2018,6170.46,1269.15,0
06-25-2018,6211.4475,1268.7,1
06-26-2018,6218.595,1260.3,1
06-27-2018,6097.46,1254.6,1
06-28-2018,6107.896154,1251.55,1
06-29-2018,5908.7025,1250.45,1
06-30-2018,6223.28,1250.45,0
07-01-2018,6374.754167,1250.45,0
07-02-2018,6466.069167000002,1247.8,1
07-03-2018,6626.44,1251.75,1
07-04-2018,6593.289167,1255.65,1
07-05-2018,6603.376667,1255.5,1
07-06-2018,6555.51,1255.35,1
07-07-2018,6594.281667,1255.35,0
07-08-2018,6753.559167,1255.35,0
07-09-2018,6724.04,1262.05,1
07-10-2018,6510.791667,1254.0,1
07-11-2018,6377.363333,1251.4,1
07-12-2018,6403.18,1245.9,1
07-13-2018,6244.3575,1241.7,1
07-14-2018,6241.0,1241.7,0
07-15-2018,6248.84,1241.7,0
07-16-2018,6514.3908329999995,1241.1,1
07-17-2018,6869.910833,1232.8,1
07-18-2018,7321.62,1224.5,1
07-19-2018,7396.401667,1217.55,1
07-20-2018,7428.045,1228.75,1
07-21-2018,7334.99,1228.75,0
07-22-2018,7451.289167,1228.75,0
07-23-2018,7689.884167,1224.95,1
07-24-2018,7715.1,1228.35,1
07-25-2018,8251.165,1231.5,1
07-26-2018,8187.324167,1228.25,1
07-27-2018,7939.81,1223.95,1
07-28-2018,8182.251667,1223.95,0
07-29-2018,8206.341667,1223.95,0
07-30-2018,8220.91,1223.8,1
07-31-2018,7916.800833,1220.95,1
08-01-2018,7570.869167,1219.0,1
08-02-2018,7607.7,1215.45,1
08-03-2018,7394.499167,1216.3,1
08-04-2018,7247.769167,1216.3,0
08-05-2018,7011.28,1216.3,0
08-06-2018,6988.079167,1209.65,1
08-07-2018,6993.513333,1212.35,1
08-08-2018,6718.23,1209.55,1
08-09-2018,6396.7725,1214.35,1
08-10-2018,6396.494667,1214.4,1
08-11-2018,6138.96,1214.4,0
08-12-2018,6311.131667000002,1214.4,0
08-13-2018,6347.07,1200.35,1
08-14-2018,6252.13,1197.0,1
08-15-2018,6362.676923,1182.0,1
08-16-2018,6342.629231,1180.4,1
08-17-2018,6312.75,1178.4,1
08-18-2018,6436.7208329999985,1178.4,0
08-19-2018,6404.063333,1178.4,0
08-20-2018,6486.58,1184.35,1
08-21-2018,6401.2461539999995,1190.95,1
08-22-2018,6575.229167,1196.65,1
08-23-2018,6354.57,1192.35,1
08-24-2018,6543.645714,1197.7,1
08-25-2018,6719.429231,1197.7,0
08-26-2018,6738.27,1197.7,0
08-27-2018,6719.266154000001,1197.7,0
08-28-2018,7000.04,1212.25,1
08-29-2018,7078.19,1204.2,1
08-30-2018,6932.6625,1197.3,1
08-31-2018,6981.946154,1202.45,1
09-01-2018,7018.78,1202.45,0
09-02-2018,7247.935385,1202.45,0
09-03-2018,7260.9492310000005,1200.05,1
09-04-2018,7265.08,1190.85,1
09-05-2018,7113.069231,1196.7,1
09-06-2018,6433.271667,1205.15,1
09-07-2018,6501.19,1198.9,1
09-08-2018,6366.1075,1198.9,0
09-09-2018,6286.425833,1198.9,0
09-10-2018,6240.98,1196.6,1
09-11-2018,6296.320833,1189.85,1
09-12-2018,6273.1375,1195.6,1
09-13-2018,6326.04,1209.8,1
09-14-2018,6499.0625,1201.95,1
09-15-2018,6518.655,1201.95,0
09-16-2018,6522.39,1201.95,0
09-17-2018,6400.6008329999995,1201.9,1
09-18-2018,6296.631667000002,1200.2,1
09-19-2018,6342.39,1203.3,1
09-20-2018,6418.562667,1208.35,1
09-21-2018,6669.990833,1198.7,1
09-22-2018,6756.12,1198.7,0
09-23-2018,6710.445,1198.7,0
09-24-2018,6639.304167,1202.75,1
09-25-2018,6583.45,1201.9,1
09-26-2018,6468.631667000002,1194.25,1
09-27-2018,6535.476667,1185.4,1
09-28-2018,6686.08,1187.25,1
09-29-2018,6550.474167,1187.25,0
09-30-2018,6593.135,1187.25,0
10-01-2018,6611.02,1189.35,1
10-02-2018,6562.641667,1204.7,1
10-03-2018,6470.4025,1201.2,1
10-04-2018,6483.73,1203.45,1
10-05-2018,6568.549167,1203.8,1
10-06-2018,6581.486667,1203.8,0
10-07-2018,6573.62,1203.8,0
10-08-2018,6618.567692000001,1186.95,1
10-09-2018,6621.711667000001,1185.55,1
10-10-2018,6626.85,1188.6,1
10-11-2018,6248.635833,1205.55,1
10-12-2018,6260.530833,1219.75,1
10-13-2018,6247.0,1219.75,0
10-14-2018,6299.399167000001,1219.75,0
10-15-2018,6452.571667,1229.95,1
10-16-2018,6599.17,1230.7,1
10-17-2018,6596.276154,1229.05,1
10-18-2018,6568.040769,1223.0,1
10-19-2018,6509.61,1227.85,1
10-20-2018,6488.825833,1227.85,0
10-21-2018,6531.601667,1227.85,0
10-22-2018,6504.78,1222.3,1
10-23-2018,6481.4259999999995,1235.95,1
10-24-2018,6508.31,1230.55,1
10-25-2018,6489.77,1230.8,1
10-26-2018,6473.753333,1233.85,1
10-27-2018,6465.9175,1233.85,0
10-28-2018,6457.21,1233.85,0
10-29-2018,6382.668333,1230.8,1
10-30-2018,6309.452857,1225.4,1
10-31-2018,6301.61,1214.95,1
11-01-2018,6342.280833,1231.15,1
11-02-2018,6387.674167,1232.1,1
11-03-2018,6390.42,1232.1,0
11-04-2018,6391.873333,1232.1,0
11-05-2018,6436.965,1232.25,1
11-06-2018,6437.76,1231.6,1
11-07-2018,6538.79,1229.95,1
11-08-2018,6486.251667,1224.15,1
11-09-2018,6444.97,1211.4,1
11-10-2018,6399.0333329999985,1211.4,0
11-11-2018,6378.268333,1211.4,0
11-12-2018,6408.53,1205.55,1
11-13-2018,6372.063333,1202.1,1
11-14-2018,6176.155,1203.25,1
11-15-2018,5756.77,1211.85,1
11-16-2018,5596.1925,1222.4,1
11-17-2018,5558.2433329999985,1222.4,0
11-18-2018,5572.44,1222.4,0
11-19-2018,5303.9425,1221.6,1
11-20-2018,4671.97,1223.0,1
11-21-2018,4491.98,1226.1,1
11-22-2018,4548.7975,1227.05,1
11-23-2018,4309.3375,1223.65,1
11-24-2018,4352.98,1223.65,0
11-25-2018,3823.511667,1223.65,0
11-26-2018,3920.5366670000003,1223.4,1
11-27-2018,3793.35,1221.2,1
11-28-2018,4103.453846,1213.25,1
11-29-2018,4263.7833329999985,1226.25,1
11-30-2018,4278.77,1217.55,1
12-01-2018,4116.7775,1217.55,0
12-02-2018,4167.546667000001,1217.55,0
12-03-2018,4140.6,1230.3,1
12-04-2018,3961.493333,1240.3,1
12-05-2018,3858.3491670000003,1235.9,1
12-06-2018,3744.98,1242.55,1
12-07-2018,3405.643333,1243.3,1
12-08-2018,3435.34,1243.3,0
12-09-2018,3453.66,1243.3,0
12-10-2018,3523.96,1245.35,1
12-11-2018,3426.19,1245.3,1
12-12-2018,3407.28,1245.75,1
12-13-2018,3406.7625,1242.75,1
12-14-2018,3278.3741670000004,1235.35,1
12-15-2018,3242.42,1235.35,0
12-16-2018,3271.238333,1235.35,0
12-17-2018,3392.405,1241.65,1
12-18-2018,3556.54,1246.3,1
12-19-2018,3808.0425,1255.0,1
12-20-2018,3982.850833,1259.75,1
12-21-2018,4135.19,1258.15,1
12-22-2018,3910.973333,1258.15,0
12-23-2018,4027.478333,1258.15,0
12-24-2018,3995.17,1258.15,0
12-25-2018,3813.88,1258.15,0
12-26-2018,3825.379167,1258.15,0
12-27-2018,3848.21,1268.0,1
12-28-2018,3743.905,1279.0,1
12-29-2018,3912.285833,1279.0,0
12-30-2018,3770.36,1279.0,0
12-31-2018,3791.5458329999997,1279.0,0
01-01-2019,3752.271667,1279.0,0
01-02-2019,3855.88,1282.9,1
01-03-2019,3865.7975,1290.45,1
01-04-2019,3822.626667,1279.9,1
01-05-2019,3856.62,1279.9,0
01-06-2019,3920.4566670000004,1279.9,0
01-07-2019,4036.093333,1292.2,1
01-08-2019,4032.25,1286.45,1
01-09-2019,4034.138333,1288.6,1
01-10-2019,3812.5858329999996,1291.9,1
01-11-2019,3646.25,1288.95,1
01-12-2019,3646.345833,1288.95,0
01-13-2019,3599.841667,1288.95,0
01-14-2019,3531.96,1292.75,1
01-15-2019,3656.785,1294.4,1
01-16-2019,3621.270833,1292.3,1
01-17-2019,3621.43,1290.7,1
01-18-2019,3632.395,1284.2,1
01-19-2019,3690.5233329999996,1284.2,0
01-20-2019,3703.98,1284.2,0
01-21-2019,3548.4275,1279.55,1
01-22-2019,3540.02,1282.1,1
01-23-2019,3587.35,1279.8,1
01-24-2019,3566.4,1283.7,1
01-25-2019,3586.25,1293.9,1
01-26-2019,3577.79,1293.9,0
01-27-2019,3576.3,1293.9,0
01-28-2019,3554.5,1302.15,1
01-29-2019,3448.58,1307.55,1
01-30-2019,3421.6,1310.7,1
01-31-2019,3470.0,1323.25,1
02-01-2019,3444.81,1318.7,1
02-02-2019,3475.33,1318.7,0
02-03-2019,3506.22,1318.7,0
02-04-2019,3456.02,1312.15,1
02-05-2019,3452.35,1314.2,1
02-06-2019,3467.34,1312.4,1
02-07-2019,3405.7,1310.0,1
02-08-2019,3394.76,1314.85,1
02-09-2019,3661.08,1314.85,0
02-10-2019,3664.38,1314.85,0
02-11-2019,3686.29,1306.4,1
02-12-2019,3629.47,1310.0,1
02-13-2019,3632.42,1312.8,1
02-14-2019,3614.5,1311.45,1
02-15-2019,3600.31,1316.55,1
02-16-2019,3608.2,1316.55,0
02-17-2019,3619.55,1316.55,0
02-18-2019,3670.74,1325.5,1
02-19-2019,3910.8,1334.15,1
02-20-2019,3926.53,1343.75,1
02-21-2019,3987.18,1331.25,1
02-22-2019,3944.88,1329.05,1
02-23-2019,3983.48,1329.05,0
02-24-2019,4139.6,1329.05,0
02-25-2019,3766.89,1331.05,1
02-26-2019,3848.33,1325.05,1
02-27-2019,3831.45,1322.85,1
02-28-2019,3833.23,1319.15,1
03-01-2019,3850.08,1311.95,1
03-02-2019,3834.62,1311.95,0
03-03-2019,3831.44,1311.95,0
03-04-2019,3814.58,1285.4,1
03-05-2019,3730.98,1283.8,1
03-06-2019,3872.25,1285.85,1
03-07-2019,3876.85,1285.3,1
03-08-2019,3886.82,1296.75,1
03-09-2019,3875.96,1296.75,0
03-10-2019,3950.56,1296.75,0
03-11-2019,3928.17,1292.75,1
03-12-2019,3881.09,1297.05,1
03-13-2019,3892.51,1306.95,1
03-14-2019,3877.77,1295.55,1
03-15-2019,3885.21,1303.5,1
03-16-2019,3936.5,1303.5,0
03-17-2019,4015.95,1303.5,0
03-18-2019,3994.92,1305.6,1
03-19-2019,3998.77,1307.7,1
03-20-2019,4029.11,1303.7,1
03-21-2019,4056.4,1309.6,1
03-22-2019,3992.34,1311.3,1
03-23-2019,3999.06,1311.3,0
03-24-2019,4011.92,1311.3,0
03-25-2019,3994.11,1319.55,1
03-26-2019,3935.89,1316.3,1
03-27-2019,3947.74,1309.7,1
03-28-2019,4048.51,1295.15,1
03-29-2019,4037.37,1295.4,1
03-30-2019,4115.55,1295.4,0
03-31-2019,4114.44,1295.4,0
04-01-2019,4114.16,1293.5,1
04-02-2019,4152.53,1290.3,1
04-03-2019,4882.88,1290.45,1
04-04-2019,4959.81,1283.15,1
04-05-2019,4911.24,1288.45,1
04-06-2019,5028.77,1288.45,0
04-07-2019,5053.52,1288.45,0
04-08-2019,5189.39,1300.0,1
04-09-2019,5268.71,1303.0,1
04-10-2019,5175.81,1305.45,1
04-11-2019,5310.18,1298.8,1
04-12-2019,5035.02,1294.3,1
04-13-2019,5072.85,1294.3,0
04-14-2019,5064.62,1294.3,0
04-15-2019,5152.51,1285.65,1
04-16-2019,5036.18,1276.35,1
04-17-2019,5196.65,1275.85,1
04-18-2019,5220.37,1275.7,1
04-19-2019,5276.31,1275.7,0
04-20-2019,5277.04,1275.7,0
04-21-2019,5309.28,1275.7,0
04-22-2019,5281.83,1275.7,0
04-23-2019,5377.19,1269.5,1
04-24-2019,5518.16,1271.65,1
04-25-2019,5434.19,1280.8,1
04-26-2019,5195.61,1284.2,1
04-27-2019,5292.83,1284.2,0
04-28-2019,5280.19,1284.2,0
04-29-2019,5301.29,1279.5,1
04-30-2019,5260.65,1282.3,1
05-01-2019,5269.79,1283.8,1
05-02-2019,5326.67,1270.95,1
05-03-2019,5390.16,1278.55,1
05-04-2019,5657.14,1278.55,0
05-05-2019,5771.08,1278.55,0
05-06-2019,5717.66,1278.55,0
05-07-2019,5684.47,1281.2,1
05-08-2019,5755.72,1285.2,1
05-09-2019,5936.72,1286.1,1
05-10-2019,6146.91,1287.1,1
05-11-2019,6348.02,1287.1,0
05-12-2019,7248.31,1287.1,0
05-13-2019,6978.63,1295.6,1
05-14-2019,7823.11,1298.4,1
05-15-2019,7992.69,1299.1,1
05-16-2019,8206.9,1291.7,1
05-17-2019,7885.96,1280.8,1
05-18-2019,7362.22,1280.8,0
05-19-2019,7265.05,1280.8,0
05-20-2019,8193.7,1276.85,1
05-21-2019,8007.03,1271.15,1
05-22-2019,7952.5,1273.8,1
05-23-2019,7625.93,1283.65,1
05-24-2019,7880.29,1282.5,1
05-25-2019,8003.26,1282.5,0
05-26-2019,8071.45,1282.5,0
05-27-2019,8744.42,1282.5,0
05-28-2019,8770.06,1278.3,1
05-29-2019,8719.88,1281.65,1
05-30-2019,8662.98,1280.95,1
05-31-2019,8272.46,1295.55,1
06-01-2019,8553.81,1295.55,0
06-02-2019,8554.8,1295.55,0
06-03-2019,8739.03,1317.1,1
06-04-2019,8134.92,1324.25,1
06-05-2019,7675.8,1335.05,1
06-06-2019,7786.04,1335.5,1
06-07-2019,7803.23,1340.65,1
06-08-2019,7998.29,1340.65,0
06-09-2019,7931.34,1340.65,0
06-10-2019,7640.61,1328.6,1
06-11-2019,8020.38,1324.3,1
06-12-2019,7917.58,1332.35,1
06-13-2019,8173.06,1335.9,1
06-14-2019,8237.88,1351.25,1
06-15-2019,8693.6,1351.25,0
06-16-2019,8859.47,1351.25,0
06-17-2019,8978.99,1341.3,1
06-18-2019,9327.48,1341.35,1
06-19-2019,9076.18,1344.05,1
06-20-2019,9281.7,1379.5,1
06-21-2019,9531.35,1397.15,1
06-22-2019,10209.38,1397.15,0
06-23-2019,10668.63,1397.15,0
06-24-2019,10814.48,1405.7,1
06-25-2019,11017.5,1431.4,1
06-26-2019,11766.4,1403.95,1
06-27-2019,12932.55,1402.5,1
06-28-2019,11132.85,1409.0,1
06-29-2019,12374.35,1409.0,0
06-30-2019,11890.38,1409.0,0
07-01-2019,10737.73,1390.1,1
07-02-2019,10578.72,1391.05,1
07-03-2019,10805.4,1413.5,1
07-04-2019,11984.76,1414.9,1
07-05-2019,11160.49,1388.65,1
07-06-2019,10955.16,1388.65,0
07-07-2019,11232.04,1388.65,0
07-08-2019,11477.01,1400.1,1
07-09-2019,12313.08,1391.55,1
07-10-2019,12586.78,1408.3,1
07-11-2019,12099.9,1413.75,1
07-12-2019,11352.87,1407.6,1
07-13-2019,11803.97,1407.6,0
07-14-2019,11389.1,1407.6,0
07-15-2019,10186.96,1412.4,1
07-16-2019,10873.5,1409.85,1
07-17-2019,9397.72,1410.35,1
07-18-2019,9674.28,1417.45,1
07-19-2019,10638.56,1439.7,1
07-20-2019,10535.75,1439.7,0
07-21-2019,10764.9,1439.7,0
07-22-2019,10587.41,1427.75,1
07-23-2019,10323.62,1425.55,1
07-24-2019,9844.3,1426.95,1
07-25-2019,9772.17,1416.1,1
07-26-2019,9875.17,1420.4,1
07-27-2019,9848.65,1420.4,0
07-28-2019,9473.99,1420.4,0
07-29-2019,9530.0,1419.05,1
07-30-2019,9501.33,1425.9,1
07-31-2019,9589.13,1427.55,1
08-01-2019,10084.7,1406.8,1
08-02-2019,10407.17,1441.75,1
08-03-2019,10529.55,1441.75,0
08-04-2019,10814.57,1441.75,0
08-05-2019,10980.23,1465.25,1
08-06-2019,11787.99,1465.25,1
08-07-2019,11465.67,1506.05,1
08-08-2019,11960.82,1495.75,1
08-09-2019,11996.41,1497.7,1
08-10-2019,11856.64,1497.7,0
08-11-2019,11282.22,1497.7,0
08-12-2019,11566.84,1504.7,1
08-13-2019,11386.26,1498.4,1
08-14-2019,10858.12,1513.25,1
08-15-2019,10016.96,1515.65,1
08-16-2019,10302.17,1515.25,1
08-17-2019,10359.44,1515.25,0
08-18-2019,10214.52,1515.25,0
08-19-2019,10317.6,1496.6,1
08-20-2019,10917.26,1504.55,1
08-21-2019,10760.56,1503.25,1
08-22-2019,10129.4,1502.05,1
08-23-2019,10111.98,1503.8,1
08-24-2019,10405.81,1503.8,0
08-25-2019,10143.8,1503.8,0
08-26-2019,10135.06,1503.8,0
08-27-2019,10360.28,1532.95,1
08-28-2019,10171.95,1537.15,1
08-29-2019,9717.82,1540.2,1
08-30-2019,9484.55,1528.4,1
08-31-2019,9577.99,1528.4,0
09-01-2019,9600.9,1528.4,0
09-02-2019,9769.79,1525.95,1
09-03-2019,10386.64,1537.85,1
09-04-2019,10621.29,1546.1,1
09-05-2019,10584.16,1529.1,1
09-06-2019,10577.8,1523.7,1
09-07-2019,10317.47,1523.7,0
09-08-2019,10487.21,1523.7,0
09-09-2019,10406.31,1509.2,1
09-10-2019,10313.66,1498.25,1
09-11-2019,10101.03,1490.65,1
09-12-2019,10159.32,1515.2,1
09-13-2019,10420.16,1503.1,1
09-14-2019,10363.9,1503.1,0
09-15-2019,10361.33,1503.1,0
09-16-2019,10310.43,1497.2,1
09-17-2019,10265.63,1502.1,1
09-18-2019,10190.36,1503.5,1
09-19-2019,10157.59,1500.7,1
09-20-2019,10275.88,1501.9,1
09-21-2019,10173.11,1501.9,0
09-22-2019,9979.49,1501.9,0
09-23-2019,10033.05,1522.1,1
09-24-2019,9683.38,1520.65,1
09-25-2019,8553.61,1528.75,1
09-26-2019,8432.23,1506.4,1
09-27-2019,8055.64,1489.9,1
09-28-2019,8193.9,1489.9,0
09-29-2019,8225.0,1489.9,0
09-30-2019,8056.74,1485.3,1
10-01-2019,8307.74,1473.45,1
10-02-2019,8322.92,1492.6,1
10-03-2019,8382.03,1517.1,1
10-04-2019,8236.17,1499.15,1
10-05-2019,8155.48,1499.15,0
10-06-2019,8147.69,1499.15,0
10-07-2019,7869.74,1501.25,1
10-08-2019,8212.02,1505.85,1
10-09-2019,8190.0,1507.25,1
10-10-2019,8587.92,1494.8,1
10-11-2019,8586.9,1479.15,1
10-12-2019,8269.73,1479.15,0
10-13-2019,8308.01,1479.15,0
10-14-2019,8283.76,1490.6,1
10-15-2019,8353.54,1487.8,1
10-16-2019,8162.16,1485.1,1
10-17-2019,8002.51,1492.65,1
10-18-2019,8076.78,1490.0,1
10-19-2019,7954.15,1490.0,0
10-20-2019,7960.04,1490.0,0
10-21-2019,8231.06,1491.65,1
10-22-2019,8222.52,1485.35,1
10-23-2019,8026.76,1494.45,1
10-24-2019,7469.56,1496.55,1
10-25-2019,7431.88,1513.45,1
10-26-2019,8666.79,1513.45,0
10-27-2019,9259.8,1513.45,0
10-28-2019,9551.54,1492.4,1
10-29-2019,9218.76,1486.75,1
10-30-2019,9433.35,1492.1,1
10-31-2019,9164.62,1510.95,1
11-01-2019,9147.98,1508.8,1
11-02-2019,9252.99,1508.8,0
11-03-2019,9301.18,1508.8,0
11-04-2019,9206.16,1509.45,1
11-05-2019,9418.05,1488.95,1
11-06-2019,9310.19,1486.05,1
11-07-2019,9343.34,1484.25,1
11-08-2019,9204.24,1464.15,1
11-09-2019,8766.04,1464.15,0
11-10-2019,8809.41,1464.15,0
11-11-2019,9037.12,1458.7,1
11-12-2019,8717.81,1452.05,1
11-13-2019,8801.52,1462.9,1
11-14-2019,8762.42,1466.65,1
11-15-2019,8632.32,1466.9,1
11-16-2019,8457.69,1466.9,0
11-17-2019,8482.7,1466.9,0
11-18-2019,8503.93,1467.65,1
11-19-2019,8175.99,1468.45,1
11-20-2019,8120.8,1471.7,1
11-21-2019,8081.81,1467.05,1
11-22-2019,7617.07,1464.45,1
11-23-2019,7286.35,1464.45,0
11-24-2019,7324.03,1464.45,0
11-25-2019,6907.4,1458.4,1
11-26-2019,7130.25,1454.65,1
11-27-2019,7163.63,1454.35,1
11-28-2019,7523.83,1454.65,1
11-29-2019,7431.0,1460.15,1
11-30-2019,7757.47,1460.15,0
12-01-2019,7557.72,1460.15,0
12-02-2019,7402.69,1461.15,1
12-03-2019,7309.59,1477.3,1
12-04-2019,7296.77,1475.1,1
12-05-2019,7192.85,1475.95,1
12-06-2019,7395.97,1459.65,1
12-07-2019,7547.19,1459.65,0
12-08-2019,7504.83,1459.65,0
12-09-2019,7522.39,1461.7,1
12-10-2019,7337.42,1464.95,1
12-11-2019,7220.76,1466.8,1
12-12-2019,7202.31,1467.8,1
12-13-2019,7189.16,1466.6,1
12-14-2019,7251.87,1466.6,0
12-15-2019,7067.74,1466.6,0
12-16-2019,7111.14,1477.9,1
12-17-2019,6879.54,1475.8,1
12-18-2019,6612.12,1474.05,1
12-19-2019,7284.29,1476.7,1
12-20-2019,7150.86,1479.0,1
12-21-2019,7190.17,1479.0,0
12-22-2019,7143.2,1479.0,0
12-23-2019,7514.41,1482.1,1
12-24-2019,7322.08,1482.1,0
12-25-2019,7250.69,1482.1,0
12-26-2019,7192.72,1482.1,0
12-27-2019,7194.4,1511.5,1
12-28-2019,7243.93,1511.5,0
12-29-2019,7301.07,1511.5,0
12-30-2019,7385.36,1514.75,1
12-31-2019,7219.6,1514.75,0
01-01-2020,7168.31,1514.75,0
01-02-2020,7175.68,1527.1,1
01-03-2020,6944.33,1548.75,1
01-04-2020,7326.35,1548.75,0
01-05-2020,7347.89,1548.75,0
01-06-2020,7351.57,1573.1,1
01-07-2020,7759.24,1567.85,1
01-08-2020,8165.47,1571.95,1
01-09-2020,8042.65,1550.75,1
01-10-2020,7817.92,1553.6,1
01-11-2020,8184.66,1553.6,0
01-12-2020,8021.49,1553.6,0
01-13-2020,8173.97,1549.9,1
01-14-2020,8105.24,1545.1,1
01-15-2020,8842.42,1549.0,1
01-16-2020,8813.89,1554.55,1
01-17-2020,8722.03,1557.6,1
01-18-2020,8900.34,1557.6,0
01-19-2020,8910.85,1557.6,0
01-20-2020,8703.36,1560.15,1
01-21-2020,8626.47,1551.3,1
01-22-2020,8722.26,1556.9,1
01-23-2020,8658.94,1562.9,1
01-24-2020,8388.11,1564.3,1
01-25-2020,8428.17,1564.3,0
01-26-2020,8327.36,1564.3,0
01-27-2020,8588.42,1580.1,1
01-28-2020,8895.78,1574.0,1
01-29-2020,9385.69,1573.45,1
01-30-2020,9279.81,1578.25,1
01-31-2020,9502.37,1584.2,1
02-01-2020,9333.77,1584.2,0
02-02-2020,9378.09,1584.2,0
02-03-2020,9314.56,1574.75,1
02-04-2020,9162.14,1558.35,1
02-05-2020,9162.14,1553.3,1
02-06-2020,9614.9,1563.3,1
02-07-2020,9755.66,1572.65,1
02-08-2020,9807.54,1572.65,0
02-09-2020,9907.12,1572.65,0
02-10-2020,10162.41,1573.2,1
02-11-2020,9854.79,1570.5,1
02-12-2020,10275.38,1563.7,1
02-13-2020,10354.3,1575.05,1
02-14-2020,10242.43,1581.4,1
02-15-2020,10368.53,1581.4,0
02-16-2020,9904.17,1581.4,0
02-17-2020,9937.67,1580.8,1
02-18-2020,9703.93,1589.85,1
02-19-2020,10180.65,1604.2,1
02-20-2020,9604.72,1619.0,1
02-21-2020,9606.86,1643.3,1
02-22-2020,9696.58,1643.3,0
02-23-2020,9669.63,1643.3,0
02-24-2020,9989.39,1671.65,1
02-25-2020,9663.75,1650.3,1
02-26-2020,9309.15,1634.9,1
02-27-2020,8785.52,1652.0,1
02-28-2020,8804.72,1609.85,1
02-29-2020,8712.35,1609.85,0
03-01-2020,8534.17,1609.85,0
03-02-2020,8912.82,1599.65,1
03-03-2020,8912.82,1615.5,1
03-04-2020,8754.34,1641.85,1
03-05-2020,8758.9,1659.6,1
03-06-2020,9067.39,1683.65,1
03-07-2020,9155.89,1683.65,0
03-08-2020,8898.63,1683.65,0
03-09-2020,8039.38,1672.5,1
03-10-2020,7931.94,1655.7,1
03-11-2020,7885.46,1653.75,1
03-12-2020,7936.65,1570.7,1
03-13-2020,4830.21,1562.8,1
03-14-2020,5609.03,1562.8,0
03-15-2020,5166.26,1562.8,0
03-16-2020,5348.44,1487.7,1
03-17-2020,5026.35,1536.2,1
03-18-2020,5357.61,1498.2,1
03-19-2020,5410.23,1474.25,1
03-20-2020,6195.2,1494.4,1
03-21-2020,6226.44,1494.4,0
03-22-2020,6189.85,1494.4,0
03-23-2020,5822.62,1525.4,1
03-24-2020,6502.16,1605.75,1
03-25-2020,6768.49,1605.45,1
03-26-2020,6698.46,1634.8,1
03-27-2020,6763.75,1617.3,1
03-28-2020,6369.09,1617.3,0
03-29-2020,6260.95,1617.3,0
03-30-2020,5885.41,1618.3,1
03-31-2020,6405.29,1608.95,1
04-01-2020,6428.28,1576.55,1
04-02-2020,6652.87,1616.8,1
04-03-2020,6809.11,1613.1,1
04-04-2020,6741.67,1613.1,0
04-05-2020,6871.69,1613.1,0
04-06-2020,6777.44,1648.3,1
04-07-2020,7343.2,1649.25,1
04-08-2020,7205.55,1647.8,1
04-09-2020,7365.03,1680.65,1
04-10-2020,7293.69,1680.65,0
04-11-2020,6873.24,1680.65,0
04-12-2020,6891.6,1680.65,0
04-13-2020,6915.37,1680.65,0
04-14-2020,6857.66,1741.9,1
04-15-2020,6871.95,1718.65,1
04-16-2020,6623.8,1729.5,1
04-17-2020,7112.27,1692.55,1
04-18-2020,7034.89,1692.55,0
04-19-2020,7259.36,1692.55,0
04-20-2020,7130.04,1686.2,1
04-21-2020,6840.24,1682.05,1
04-22-2020,6852.52,1710.55,1
04-23-2020,7130.99,1736.25,1
04-24-2020,7477.6,1715.9,1
04-25-2020,7507.08,1715.9,0
04-26-2020,7549.52,1715.9,0
04-27-2020,7699.27,1714.95,1
04-28-2020,7790.66,1691.55,1
04-29-2020,7765.33,1703.35,1
04-30-2020,8777.63,1702.75,1
05-01-2020,8628.77,1686.25,1
05-02-2020,8824.66,1686.25,0
05-03-2020,8973.82,1686.25,0
05-04-2020,8903.95,1709.1,1
05-05-2020,8885.93,1699.55,1
05-06-2020,9030.96,1691.5,1
05-07-2020,9170.79,1704.05,1
05-08-2020,10002.48,1704.05,0
05-09-2020,9821.8,1704.05,0
05-10-2020,9527.39,1704.05,0
05-11-2020,8754.46,1702.75,1
05-12-2020,8617.25,1702.4,1
05-13-2020,8814.53,1708.4,1
05-14-2020,9305.93,1731.6,1
05-15-2020,9790.31,1735.35,1
05-16-2020,9303.59,1735.35,0
05-17-2020,9385.7,1735.35,0
05-18-2020,9669.4,1734.7,1
05-19-2020,9719.37,1737.95,1
05-20-2020,9785.74,1748.3,1
05-21-2020,9510.67,1724.9,1
05-22-2020,9057.57,1733.55,1
05-23-2020,9167.26,1733.55,0
05-24-2020,9178.32,1733.55,0
05-25-2020,8730.73,1733.55,0
05-26-2020,8899.66,1720.25,1
05-27-2020,8842.85,1694.6,1
05-28-2020,9197.54,1717.35,1
05-29-2020,9569.21,1728.7,1
05-30-2020,9425.98,1728.7,0
05-31-2020,9698.1,1728.7,0
06-01-2020,9450.84,1730.6,1
06-02-2020,10204.23,1742.15,1
06-03-2020,9525.57,1705.35,1
06-04-2020,9658.04,1700.05,1
06-05-2020,9794.56,1683.45,1
06-06-2020,9623.75,1683.45,0
06-07-2020,9670.43,1683.45,0
06-08-2020,9753.85,1690.35,1
06-09-2020,9782.59,1713.5,1
06-10-2020,9775.15,1722.05,1
06-11-2020,9892.13,1738.25,1
06-12-2020,9286.42,1733.5,1
06-13-2020,9459.97,1733.5,0
06-14-2020,9473.5,1733.5,0
06-15-2020,9330.07,1710.45,1
06-16-2020,9426.7,1719.85,1
06-17-2020,9526.0,1724.35,1
06-18-2020,9454.81,1719.5,1
06-19-2020,9380.03,1734.75,1
06-20-2020,9300.15,1734.75,0
06-21-2020,9357.43,1734.75,0
06-22-2020,9284.78,1761.85,1
06-23-2020,9691.9,1768.9,1
06-24-2020,9621.49,1766.05,1
06-25-2020,9276.58,1756.55,1
06-26-2020,9240.85,1747.6,1
06-27-2020,9154.45,1747.6,0
06-28-2020,9004.23,1747.6,0
06-29-2020,9127.47,1771.6,1
06-30-2020,9185.35,1768.1,1
07-01-2020,9133.97,1771.05,1
07-02-2020,9236.38,1777.45,1
07-03-2020,9087.98,1772.9,1
07-04-2020,9072.42,1772.9,0
07-05-2020,9131.31,1772.9,0
07-06-2020,9089.09,1787.9,1
07-07-2020,9348.91,1789.55,1
07-08-2020,9256.23,1811.1,1
07-09-2020,9440.07,1812.1,1
07-10-2020,9238.04,1803.1,1
07-11-2020,9287.4,1803.1,0
07-12-2020,9235.96,1803.1,0
07-13-2020,9295.9,1807.5,1
07-14-2020,9238.13,1801.9,1
07-15-2020,9254.52,1804.6,1
07-16-2020,9193.51,1807.7,1
07-17-2020,9131.0,1807.35,1
07-18-2020,9154.19,1807.35,0
07-19-2020,9174.71,1807.35,0
07-20-2020,9214.66,1815.65,1
07-21-2020,9163.87,1842.55,1
07-22-2020,9392.66,1852.4,1
07-23-2020,9537.4,1878.3,1
07-24-2020,9613.11,1902.1,1
07-25-2020,9551.28,1902.1,0
07-26-2020,9707.5,1902.1,0
07-27-2020,9938.83,1936.65,1
07-28-2020,11042.4,1940.9,1
07-29-2020,10934.94,1950.9,1
07-30-2020,11102.67,1957.65,1
07-31-2020,11114.93,1964.9,1
08-01-2020,11343.88,1964.9,0
08-02-2020,11823.69,1964.9,0
08-03-2020,11077.77,1958.55,1
08-04-2020,11242.57,1977.9,1
08-05-2020,11194.25,2048.15,1
08-06-2020,11750.28,2067.15,1
08-07-2020,11772.94,2031.15,1
08-08-2020,11605.6,2031.15,0
08-09-2020,11767.6,2031.15,0
08-10-2020,11684.06,2044.5,1
08-11-2020,11893.03,1939.65,1
08-12-2020,11392.43,1931.9,1
08-13-2020,11573.11,1944.25,1
08-14-2020,11777.43,1944.75,1
08-15-2020,11774.38,1944.75,0
08-16-2020,11873.98,1944.75,0
08-17-2020,11914.01,1972.85,1
08-18-2020,12293.72,2008.75,1
08-19-2020,11969.53,1981.0,1
08-20-2020,11734.0,1927.15,1
08-21-2020,11865.82,1924.35,1
08-22-2020,11522.8,1924.35,0
08-23-2020,11683.44,1924.35,0
08-24-2020,11653.02,1943.95,1
08-25-2020,11763.93,1911.15,1
08-26-2020,11337.4,1932.95,1
08-27-2020,11467.37,1923.85,1
08-28-2020,11302.01,1957.35,1
08-29-2020,11534.75,1957.35,0
08-30-2020,11481.64,1957.35,0
08-31-2020,11707.78,1957.35,0
09-01-2020,11659.57,1972.35,1
09-02-2020,11923.25,1947.05,1
09-03-2020,11397.44,1940.45,1
09-04-2020,10187.51,1926.3,1
09-05-2020,10467.89,1926.3,0
09-06-2020,10159.62,1926.3,0
09-07-2020,10254.93,1928.45,1
09-08-2020,10367.74,1910.95,1
09-09-2020,10121.52,1947.2,1
09-10-2020,10227.83,1966.25,1
09-11-2020,10352.66,1947.4,1
09-12-2020,10395.44,1947.4,0
09-13-2020,10446.44,1947.4,0
09-14-2020,10330.77,1958.7,1
09-15-2020,10674.64,1949.35,1
09-16-2020,10785.62,1961.8,1
09-17-2020,10948.43,1936.25,1
09-18-2020,10943.89,1950.85,1
09-19-2020,10931.79,1950.85,0
09-20-2020,11081.43,1950.85,0
09-21-2020,10919.65,1909.35,1
09-22-2020,10430.46,1906.0,1
09-23-2020,10532.22,1873.4,1
09-24-2020,10234.48,1861.75,1
09-25-2020,10732.43,1859.7,1
09-26-2020,10692.84,1859.7,0
09-27-2020,10732.4,1859.7,0
09-28-2020,10774.24,1864.3,1
09-29-2020,10692.33,1883.95,1
09-30-2020,10840.8,1886.9,1
10-01-2020,10777.92,1902.0,1
10-02-2020,10619.24,1903.05,1
10-03-2020,10575.06,1903.05,0
10-04-2020,10551.77,1903.05,0
10-05-2020,10673.46,1909.6,1
10-06-2020,10788.56,1913.4,1
10-07-2020,10603.74,1884.5,1
10-08-2020,10670.8,1887.45,1
10-09-2020,10923.3,1923.25,1
10-10-2020,11063.19,1923.25,0
10-11-2020,11302.67,1923.25,0
10-12-2020,11376.61,1925.5,1
10-13-2020,11540.04,1891.3,1
10-14-2020,11428.24,1910.05,1
10-15-2020,11431.32,1891.9,1
10-16-2020,11503.73,1905.05,1
10-17-2020,11327.57,1905.05,0
10-18-2020,11366.51,1905.05,0
10-19-2020,11508.2,1905.6,1
10-20-2020,11758.16,1898.4,1
10-21-2020,11925.46,1924.15,1
10-22-2020,12831.56,1900.95,1
10-23-2020,12990.25,1903.65,1
10-24-2020,12944.52,1903.65,0
10-25-2020,13128.46,1903.65,0
10-26-2020,13036.77,1898.45,1
10-27-2020,13076.37,1905.7,1
10-28-2020,13651.47,1869.95,1
10-29-2020,13289.0,1870.3,1
10-30-2020,13458.66,1881.85,1
10-31-2020,13564.72,1881.85,0
11-01-2020,13810.32,1881.85,0
11-02-2020,13758.88,1889.9,1
11-03-2020,13575.17,1908.3,1
11-04-2020,14023.31,1900.15,1
11-05-2020,14155.59,1938.45,1
11-06-2020,15591.39,1940.8,1
11-07-2020,15595.77,1940.8,0
11-08-2020,14839.84,1940.8,0
11-09-2020,15490.6,1867.3,1
11-10-2020,15328.53,1878.7,1
11-11-2020,15317.04,1860.95,1
11-12-2020,15708.65,1874.85,1
11-13-2020,16295.57,1890.9,1
11-14-2020,16339.33,1890.9,0
11-15-2020,16091.07,1890.9,0
11-16-2020,15968.16,1885.6,1
11-17-2020,16725.15,1889.05,1
11-18-2020,17679.72,1876.1,1
11-19-2020,17798.45,1857.35,1
11-20-2020,17820.57,1875.7,1
11-21-2020,18687.45,1875.7,0
11-22-2020,18699.75,1875.7,0
11-23-2020,18422.28,1840.2,1
11-24-2020,18398.91,1799.6,1
11-25-2020,19172.52,1810.2,1
11-26-2020,18739.8,1807.4,1
11-27-2020,17151.44,1779.3,1
11-28-2020,17138.87,1779.3,0
11-29-2020,17732.42,1779.3,0
11-30-2020,18191.6,1762.55,1
12-01-2020,19709.73,1810.75,1
12-02-2020,18792.52,1822.6,1
12-03-2020,19226.97,1832.35,1
12-04-2020,19454.54,1843.0,1
12-05-2020,18670.49,1843.0,0
12-06-2020,19155.06,1843.0,0
12-07-2020,19377.66,1859.95,1
12-08-2020,19181.41,1868.15,1
12-09-2020,18318.87,1841.75,1
12-10-2020,18554.15,1844.35,1
12-11-2020,18247.76,1842.0,1
12-12-2020,18029.36,1842.0,0
12-13-2020,18803.44,1842.0,0
12-14-2020,19164.48,1831.15,1
12-15-2020,19276.59,1850.65,1
12-16-2020,19439.75,1851.95,1
12-17-2020,21379.48,1890.75,1
12-18-2020,22847.46,1879.75,1
12-19-2020,23150.79,1879.75,0
12-20-2020,23869.92,1879.75,0
12-21-2020,23490.58,1880.0,1
12-22-2020,22745.48,1877.1,1
12-23-2020,23824.99,1875.0,1
12-24-2020,23253.37,1875.0,0
12-25-2020,23715.53,1875.0,0
12-26-2020,24693.58,1875.0,0
12-27-2020,26443.21,1875.0,0
12-28-2020,26246.58,1875.0,0
12-29-2020,27036.69,1874.3,1
12-30-2020,27376.37,1887.6,1
12-31-2020,28856.59,1887.6,0
01-01-2021,28982.56,1887.6,0
01-02-2021,29393.75,1887.6,0
01-03-2021,32195.46,1887.6,0
01-04-2021,33000.78,1943.2,1
01-05-2021,32035.03,1940.35,1
01-06-2021,34046.67,1931.95,1
01-07-2021,36860.41,1920.1,1
01-08-2021,39486.04,1862.9,1
01-09-2021,40670.25,1862.9,0
01-10-2021,40240.72,1862.9,0
01-11-2021,38240.09,1847.25,1
01-12-2021,35544.94,1841.25,1
01-13-2021,34011.82,1858.85,1
01-14-2021,37393.13,1841.75,1
01-15-2021,39158.47,1839.0,1
01-16-2021,36828.52,1839.0,0
01-17-2021,36065.2,1839.0,0
01-18-2021,35793.01,1833.05,1
01-19-2021,36632.35,1834.7,1
01-20-2021,36020.13,1856.6,1
01-21-2021,35538.98,1862.1,1
01-22-2021,30797.88,1852.7,1
01-23-2021,33002.38,1852.7,0
01-24-2021,32099.74,1852.7,0
01-25-2021,32276.84,1856.85,1
01-26-2021,32243.26,1856.6,1
01-27-2021,32541.8,1843.0,1
01-28-2021,30419.17,1853.7,1
01-29-2021,33403.17,1863.8,1
01-30-2021,34314.26,1863.8,0
01-31-2021,34318.1,1863.8,0
02-01-2021,33136.46,1862.95,1
02-02-2021,33522.9,1833.1,1
02-03-2021,35529.66,1835.45,1
02-04-2021,37676.25,1785.9,1
02-05-2021,37002.09,1802.95,1
02-06-2021,38278.61,1802.95,0
02-07-2021,39323.26,1802.95,0
02-08-2021,38928.1,1835.25,1
02-09-2021,46364.3,1839.6,1
02-10-2021,46589.58,1842.65,1
02-11-2021,44878.17,1840.1,1
02-12-2021,48013.38,1816.35,1
02-13-2021,47471.4,1816.35,0
02-14-2021,47185.19,1816.35,0
02-15-2021,48720.37,1817.3,1
02-16-2021,47951.85,1794.25,1
02-17-2021,49160.1,1780.7,1
02-18-2021,52118.23,1773.15,1
02-19-2021,51608.15,1786.2,1
02-20-2021,55916.5,1786.2,0
02-21-2021,56001.2,1786.2,0
02-22-2021,57487.86,1807.45,1
02-23-2021,54123.4,1799.65,1
02-24-2021,48880.43,1788.0,1
02-25-2021,50624.84,1779.65,1
02-26-2021,46800.42,1742.85,1
02-27-2021,46340.31,1742.85,0
02-28-2021,46155.87,1742.85,0
03-01-2021,45113.92,1734.15,1
03-02-2021,49618.43,1723.85,1
03-03-2021,48356.04,1711.4,1
03-04-2021,50477.7,1712.1,1
03-05-2021,48448.91,1696.25,1
03-06-2021,48861.38,1696.25,0
03-07-2021,48881.59,1696.25,0
03-08-2021,51169.7,1687.05,1
03-09-2021,52299.33,1716.9,1
03-10-2021,54881.52,1716.2,1
03-11-2021,55997.23,1724.25,1
03-12-2021,57764.0,1704.8,1
03-13-2021,57253.28,1704.8,0
03-14-2021,61258.73,1704.8,0
03-15-2021,59133.47,1723.65,1
03-16-2021,55754.72,1735.0,1
03-17-2021,56872.38,1729.65,1
03-18-2021,58913.0,1725.9,1
03-19-2021,57665.9,1735.2,1
03-20-2021,58075.1,1735.2,0
03-21-2021,58085.8,1735.2,0
03-22-2021,57411.17,1736.15,1
03-23-2021,54204.96,1726.2,1
03-24-2021,54477.46,1730.5,1
03-25-2021,52508.23,1737.3,1
03-26-2021,51415.92,1731.8,1
03-27-2021,55074.47,1731.8,0
03-28-2021,55863.93,1731.8,0
03-29-2021,55783.71,1705.95,1
03-30-2021,57627.67,1683.95,1
03-31-2021,58730.13,1691.05,1
04-01-2021,58735.25,1726.05,1
04-02-2021,58736.92,1726.05,0
04-03-2021,59031.32,1726.05,0
04-04-2021,57076.49,1726.05,0
04-05-2021,58206.55,1726.05,0
04-06-2021,59054.1,1744.65,1
04-07-2021,58020.46,1738.05,1
04-08-2021,55947.27,1755.5,1
04-09-2021,58048.59,1741.2,1
04-10-2021,58102.58,1741.2,0
04-11-2021,59774.0,1741.2,0
04-12-2021,59964.87,1732.85,1
04-13-2021,59834.74,1747.95,1
04-14-2021,63554.44,1735.55,1
04-15-2021,62969.12,1757.2,1
04-16-2021,63252.63,1774.45,1
04-17-2021,61455.98,1774.45,0
04-18-2021,60087.09,1774.45,0
04-19-2021,56251.48,1774.5,1
04-20-2021,55703.14,1777.85,1
04-21-2021,56507.91,1798.2,1
04-22-2021,53808.8,1787.75,1
04-23-2021,51731.71,1781.8,1
04-24-2021,51153.13,1781.8,0
04-25-2021,50110.53,1781.8,0
04-26-2021,49075.58,1773.35,1
04-27-2021,54056.64,1784.15,1
04-28-2021,55071.46,1772.2,1
04-29-2021,54884.1,1762.65,1
04-30-2021,53584.15,1767.65,1
05-01-2021,57796.62,1767.65,0
05-02-2021,57857.5,1767.65,0
05-03-2021,56610.46,1767.65,0
05-04-2021,57213.33,1797.75,1
05-05-2021,53241.72,1782.25,1
05-06-2021,57473.23,1813.15,1
05-07-2021,56428.16,1836.55,1
05-08-2021,57380.27,1836.55,0
05-09-2021,58928.81,1836.55,0
05-10-2021,58280.73,1840.45,1
05-11-2021,55883.5,1829.1,1
05-12-2021,56750.0,1830.7,1
05-13-2021,49007.09,1821.8,1
05-14-2021,49702.27,1838.1,1
05-15-2021,49922.52,1838.1,0
05-16-2021,46736.58,1838.1,0
05-17-2021,46441.64,1853.7,1
05-18-2021,43596.24,1866.75,1
05-19-2021,42912.19,1888.45,1
05-20-2021,36964.27,1878.3,1
05-21-2021,40784.32,1875.9,1
05-22-2021,37280.35,1875.9,0
05-23-2021,37528.3,1875.9,0
05-24-2021,34754.54,1880.15,1
05-25-2021,38728.59,1887.0,1
05-26-2021,38410.5,1899.75,1
05-27-2021,39266.04,1891.45,1
05-28-2021,38445.29,1899.95,1
05-29-2021,35689.62,1899.95,0
05-30-2021,34647.67,1899.95,0
05-31-2021,35684.59,1899.95,0
06-01-2021,37310.54,1899.35,1
06-02-2021,36662.64,1902.75,1
06-03-2021,37585.24,1866.55,1
06-04-2021,39188.59,1890.6,1
06-05-2021,36885.51,1890.6,0
06-06-2021,35530.38,1890.6,0
06-07-2021,35816.17,1888.4,1
06-08-2021,33514.87,1893.15,1
06-09-2021,33450.19,1894.6,1
06-10-2021,37338.36,1888.65,1
06-11-2021,36704.57,1881.05,1
06-12-2021,37313.18,1881.05,0
06-13-2021,35494.9,1881.05,0
06-14-2021,39066.82,1865.6,1
06-15-2021,40525.8,1865.1,1
06-16-2021,40188.56,1860.75,1
06-17-2021,38324.87,1778.7,1
06-18-2021,38068.04,1773.1,1
06-19-2021,35729.82,1773.1,0
06-20-2021,35524.17,1773.1,0
06-21-2021,35592.35,1775.05,1
06-22-2021,31686.55,1775.05,1
06-23-2021,32447.59,1791.6,1
06-24-2021,33674.66,1784.85,1
06-25-2021,34639.38,1786.65,1
06-26-2021,31640.58,1786.65,0
06-27-2021,32160.91,1786.65,0
06-28-2021,34644.45,1780.3,1
06-29-2021,34456.67,1755.45,1
06-30-2021,35847.7,1763.15,1
07-01-2021,35047.36,1781.5,1
07-02-2021,33536.88,1786.15,1
07-03-2021,33856.86,1786.15,0
07-04-2021,34688.98,1786.15,0
07-05-2021,35309.3,1791.35,1
07-06-2021,33747.97,1809.85,1
07-07-2021,34211.01,1804.65,1
07-08-2021,33839.04,1807.7,1
07-09-2021,32877.41,1806.0,1
07-10-2021,33818.52,1806.0,0
07-11-2021,33515.57,1806.0,0
07-12-2021,34227.64,1792.4,1
07-13-2021,33158.25,1813.85,1
07-14-2021,32686.56,1823.2,1
07-15-2021,32814.61,1823.75,1
07-16-2021,31738.59,1824.3,1
07-17-2021,31421.25,1824.3,0
07-18-2021,31520.66,1824.3,0
07-19-2021,31783.49,1814.9,1
07-20-2021,30815.94,1823.05,1
07-21-2021,29790.24,1802.15,1
07-22-2021,32118.06,1799.45,1
07-23-2021,32297.89,1799.6,1
07-24-2021,33581.63,1799.6,0
07-25-2021,34279.34,1799.6,0
07-26-2021,35365.2,1800.2,1
07-27-2021,37318.14,1800.35,1
07-28-2021,39405.95,1796.6,1
07-29-2021,40002.53,1829.3,1
07-30-2021,40005.93,1825.75,1
07-31-2021,42214.15,1825.75,0
08-01-2021,41659.06,1825.75,0
08-02-2021,40000.46,1811.45,1
08-03-2021,39193.94,1812.65,1
08-04-2021,38138.0,1829.1,1
08-05-2021,39750.14,1800.75,1
08-06-2021,40882.0,1762.9,1
08-07-2021,42825.95,1762.9,0
08-08-2021,44634.13,1762.9,0
08-09-2021,43816.14,1738.85,1
08-10-2021,46333.46,1723.35,1
08-11-2021,45608.37,1743.6,1
08-12-2021,45611.46,1747.4,1
08-13-2021,44417.78,1773.85,1
08-14-2021,47833.98,1773.85,0
08-15-2021,47112.19,1773.85,0
08-16-2021,47056.41,1786.35,1
08-17-2021,45982.55,1789.45,1
08-18-2021,44648.57,1783.45,1
08-19-2021,44777.86,1782.05,1
08-20-2021,46734.65,1779.05,1
08-21-2021,49327.75,1779.05,0
08-22-2021,48932.02,1779.05,0
08-23-2021,49335.68,1802.0,1
08-24-2021,49523.5,1808.45,1
08-25-2021,47744.58,1788.7,1
08-26-2021,48972.09,1786.6,1
08-27-2021,46962.8,1798.5,1
08-28-2021,49056.86,1798.5,0
08-29-2021,48897.65,1798.5,0
08-30-2021,48806.78,1798.5,0
08-31-2021,47074.77,1814.85,1
09-01-2021,47155.87,1811.8,1
09-02-2021,48862.76,1812.55,1
09-03-2021,49329.01,1823.7,1
09-04-2021,50035.33,1823.7,0
09-05-2021,49947.38,1823.7,0
09-06-2021,51769.06,1821.6,1
09-07-2021,52677.4,1802.15,1
09-08-2021,46809.17,1786.0,1
09-09-2021,46078.38,1788.25,1
09-10-2021,46368.69,1794.6,1
